Workbook

Sheet Inventari
A1: INVENTARI TOTAL
A3: Artikulli | B3: Sasia Totale
A4: Tenda | B4: 2
A5: Karrika | B5: 200
A6: Tavolina | B6: 32
A8: Shënim: Ndrysho vetëm sasitë totale në këtë fletë nëse inventari ndryshon. Fletët mujore llogariten automatikisht.

Sheet Rezervimet
A1: Emri dhe Mbiemri | B1: Adresa | C1: Nr. Telefonit | D1: Tenda | E1: Karrika | F1: Tavolina | G1: Data & Koha e Dërgesës | H1: Data & Koha e Lirimit | I1: Çmimi (€) | J1: Parapagimi (€) | K1: Mbetja (€) | L1: Statusi / Shënime | M1: Column1
A2: Arsim Shabani | B2: Gjilan | C2: 045 401 500 | E2: 60 | F2: 10 | G2: 24.07 ora 16 | H2: 26.07 pasdite | I2: 150 | J2: 150 | K2: =IF(I2="","",I2-J2) -> 0 | L2: 724
A3: Almir Sylejmani | B3: Zabel | C3: 044 342 603 | D3: 1 | E3: 70 | F3: 12 | G3: 25.07 ora 9 | H3: 25.07 pasdite | I3: 200 | J3: 200 | K3: 0 | L3: 724
A4: Almir Sylejmani | B4: Zabel | C4: 044 342 603 | E4: 70 | F4: 9 | G4: 25.07 ora 16 | H4: 26.07 pasdite | I4: 100 | J4: 100 | K4: =IF(I4="","",I4-J4) -> 0 | L4: 725
A5: Lirim Pajaziti | B5: Radovojc | C5: 048 571 355 | E5: 100 | F5: 0 | G5: 27.07 ora 10 | H5: 27.07 ora 14 | I5: 100 | J5: 100 | K5: =IF(I5="","",I5-J5) -> 0 | L5: 727
A6: Tahir Sejdiu | B6: Remnik | C6: 0 49704260 | E6: 80 | F6: 13 | G6: 28.07 ora 16 | H6: 29.07 mengjes | I6: 120 | J6: 120 | K6: =IF(I6="","",I6-J6) -> 0 | L6: 728
A7: Kenan Hajdari | B7: Remnik | C7: 044 183 517 | E7: 40 | F7: 7 | G7: 28.08 ora 16 | H7: 29.07 mengjes | I7: 70 | J7: 70 | K7: =IF(I7="","",I7-J7) -> 0 | L7: 728
A8: Tahir Sejdiu | B8: Remnik | C8: 049 704 260 | E8: 150 | F8: 4 | G8: 31.07 ora 9 | H8: 31.07 ora 14 | I8: 130 | J8: 130 | K8: =IF(I8="","",I8-J8) -> 0 | L8: 730
A9: Ferid Hasani | B9: Budrikë | C9: 044 193 748 | E9: 100 | F9: 6 | G9: 31.07 ora 14 | H9: 01.08 ora 15:00 | I9: 100 | J9: 100 | K9: =IF(I9="","",I9-J9) -> 0 | L9: 731
A10: Hajdar Rexhepi | B10: Remnilk | C10: 048 180 393 | E10: 40 | F10: 7 | G10: 31.07 ora 15 | H10: 01.08.mengjes | I10: 70 | J10: 70 | K10: =IF(I10="","",I10-J10) -> 0 | L10: 731
A11: Fanoli | B11: Remnik | C11: 049 234 662 | E11: 20 | F11: 5 | G11: 31.07 ora 15 | H11: 01.08. mengjes | I11: 40 | J11: 40 | K11: =RezervimetTable[[#This Row],[Çmimi (€)]]-RezervimetTable[[#This Row],[Parapagimi (€)]] -> 0 | L11: 731
A12: Ibrahim Pajaziti | B12: Radivojc | C12: 044 594 860 | E12: 90 | F12: 0 | G12: 01.08. 9 | H12: 01.08 ora 14:00 | I12: 80 | J12: 80 | K12: =IF(I12="","",I12-J12) -> 0 | L12: 801
A13: Valmiri K.T | B13: Terpezë | C13: 045 436 999 | E13: 50 | F13: 9 | G13: 01.08 ora 16 | H13: 02.08. pasdite | I13: 90 | J13: 90 | K13: =IF(I13="","",I13-J13) -> 0 | L13: 801
A14: Mergim Hajdari | B14: Remnik | C14: 044 341 942 | E14: 70 | F14: 12 | G14: 03.08 ora17 | H14: 04.08.masdite | I14: 100 | J14: 100 | K14: =RezervimetTable[[#This Row],[Çmimi (€)]]-RezervimetTable[[#This Row],[Parapagimi (€)]] -> 0 | L14: 803
A15: Perparimi | B15: Radivojc | C15: 049 770 065 | E15: 40 | F15: 7 | G15: 04.08 ora10 | H15: 05.08.paradite | I15: 60 | J15: 60 | K15: =RezervimetTable[[#This Row],[Çmimi (€)]]-RezervimetTable[[#This Row],[Parapagimi (€)]] -> 0 | L15: 804
A16: Jetoni | B16: Remnik | C16: 049 549 616 | E16: 50 | F16: 8 | G16: 05.08 ora17 | H16: 06.08.paradite | I16: 80 | J16: 80 | K16: =RezervimetTable[[#This Row],[Çmimi (€)]]-RezervimetTable[[#This Row],[Parapagimi (€)]] -> 0 | L16: 805
A17: Ali Xhemajli | B17: Terstenik | C17: 044 865 802 | E17: 100 | F17: 16 | G17: 06.08 ora 10 | H17: 07.08 mengjes | I17: 150 | J17: 150 | K17: =IF(I17="","",I17-J17) -> 0 | L17: 806
A18: Arsim Avdiu | B18: Gjylekar | C18: 045 315 989 | E18: 150 | F18: 25 | G18: 07.08 ora 16 | H18: 08.08 mengjes | I18: 220 | J18: 220 | K18: =IF(I18="","",I18-J18) -> 0 | L18: 807
A19: Remzi Pajaziti | B19: Radivojcë | C19: 044 574 050 | D19: 1 | E19: 80 | F19: 13 | G19: 08.08 ora 16 | H19: 09.08. mengjes | I19: 200 | J19: 200 | K19: =IF(I19="","",I19-J19) -> 0 | L19: 808
A20: Perparimi | B20: Radivojc | C20: 049 770 065 | E20: 40 | F20: 6 | G20: 08.08.ora17 | H20: 09.08.mengjes | I20: 50 | J20: 50 | K20: =IF(I20="","",I20-J20) -> 0 | L20: 808
A21: Valmir Memeti | B21: Budrikë | D21: 1 | E21: 60 | F21: 4 | G21: 09.08 ora 9 | H21: 09.08.masdite | I21: 170 | J21: 170 | K21: =IF(I21="","",I21-J21) -> 0 | L21: 809
A22: Dalipi/Rinori | B22: Remnik | E22: 20 | F22: 3 | G22: 09.08.202 | H22: 10.08.mengjes | I22: 30 | J22: 30 | K22: =IF(I22="","",I22-J22) -> 0 | L22: 809
K23: =IF(I23="","",I23-J23)
K24: =IF(I24="","",I24-J24)
K25: =IF(I25="","",I25-J25)
K26: =IF(I26="","",I26-J26)
K27: =IF(I27="","",I27-J27)
K28: =IF(I28="","",I28-J28)
K29: =IF(I29="","",I29-J29)
K30: =IF(I30="","",I30-J30)
K31: =IF(I31="","",I31-J31)
K32: =IF(I32="","",I32-J32)
K33: =IF(I33="","",I33-J33)
K34: =IF(I34="","",I34-J34)
... K102: =IF(I102="","",I102-J102)

Sheet Korrik 2026
A1: KONTROLLI I INVENTARIT - KORRIK 2026
A3: Tenda total | B3: =Inventari!B4 -> 2
A4: Karrika total | B4: =Inventari!B5 -> 200
A5: Tavolina total | B5: =Inventari!B6 -> 32
A7: Data | B7: Dita | C7: Tenda zënë | D7: Tenda lirë | E7: Karrika zënë | F7: Karrika lirë | G7: Tavolina zënë | H7: Tavolina lirë | I7: Gjendja | J7: Shënime
A8: 46225 | B8: E mërkurë | C8: =SUMIFS(Rezervimet!$D$2:$D$102,Rezervimet!$G$2:$G$102,"<="&A8+1,Rezervimet!$H$2:$H$102,">="&A8) -> 0 | D8: =$B$3-C8 -> 2 | E8: =SUMIFS(Rezervimet!$E$2:$E$102,Rezervimet!$G$2:$G$102,"<="&A8+1,Rezervimet!$H$2:$H$102,">="&A8) -> 0 | F8: =$B$4-E8 -> 200 | G8: =SUMIFS(Rezervimet!$F$2:$F$102,Rezervimet!$G$2:$G$102,"<="&A8+1,Rezervimet!$H$2:$H$102,">="&A8) -> 0 | H8: =$B$5-G8 -> 32 | I8: =IF(OR(D8<0,F8<0,H8<0),"Mungesë inventari",IF(AND(C8=0,E8=0,G8=0),"I lirë","Ka rezervime")) -> I lirë
A9: 46226 | B9: E enjte | C9: =SUMIFS(Rezervimet!$D$2:$D$102,Rezervimet!$G$2:$G$102,"<="&A9+1,Rezervimet!$H$2:$H$102,">="&A9) -> 0 | D9: =$B$3-C9 -> 2 | E9: =SUMIFS(Rezervimet!$E$2:$E$102,Rezervimet!$G$2:$G$102,"<="&A9+1,Rezervimet!$H$2:$H$102,">="&A9) -> 0 | F9: =$B$4-E9 -> 200 | G9: =SUMIFS(Rezervimet!$F$2:$F$102,Rezervimet!$G$2:$G$102,"<="&A9+1,Rezervimet!$H$2:$H$102,">="&A9) -> 0 | H9: =$B$5-G9 -> 32 | I9: =IF(OR(D9<0,F9<0,H9<0),"Mungesë inventari",IF(AND(C9=0,E9=0,G9=0),"I lirë","Ka rezervime")) -> I lirë
A10: 46227 | B10: E premte | C10: 0 | D10: =$B$3-C10 -> 2 | E10: 60 | F10: =$B$4-E10 -> 140 | G10: 10 | H10: =$B$5-G10 -> 22 | I10: =IF(OR(D10<0,F10<0,H10<0),"Mungesë inventari",IF(AND(C10=0,E10=0,G10=0),"I lirë","Ka rezervime")) -> Ka rezervime
A11: 46228 | B11: E shtunë | C11: =SUMIFS(Rezervimet!$D$2:$D$102,Rezervimet!$G$2:$G$102,"<="&A11+1,Rezervimet!$H$2:$H$102,">="&A11) -> 0 | D11: =$B$3-C11 -> 2 | E11: 130 | F11: =$B$4-E11 -> 70 | G11: 9 | H11: =$B$5-G11 -> 23 | I11: =IF(OR(D11<0,F11<0,H11<0),"Mungesë inventari",IF(AND(C11=0,E11=0,G11=0),"I lirë","Ka rezervime")) -> Ka rezervime
A12: 46229 | B12: E diel | C12: =SUMIFS(Rezervimet!$D$2:$D$102,Rezervimet!$G$2:$G$102,"<="&A12+1,Rezervimet!$H$2:$H$102,">="&A12) -> 0 | D12: =$B$3-C12 -> 2 | E12: =SUMIFS(Rezervimet!$E$2:$E$102,Rezervimet!$G$2:$G$102,"<="&A12+1,Rezervimet!$H$2:$H$102,">="&A12) -> 0 | F12: =$B$4-E12 -> 200 | G12: =SUMIFS(Rezervimet!$F$2:$F$102,Rezervimet!$G$2:$G$102,"<="&A12+1,Rezervimet!$H$2:$H$102,">="&A12) -> 0 | H12: =$B$5-G12 -> 32 | I12: =IF(OR(D12<0,F12<0,H12<0),"Mungesë inventari",IF(AND(C12=0,E12=0,G12=0),"I lirë","Ka rezervime")) -> I lirë
A13: 46230 | B13: E hënë | C13: =SUMIFS(Rezervimet!$D$2:$D$102,Rezervimet!$G$2:$G$102,"<="&A13+1,Rezervimet!$H$2:$H$102,">="&A13) -> 0 | D13: =$B$3-C13 -> 2 | E13: 100 | F13: =$B$4-E13 -> 100 | G13: =SUMIFS(Rezervimet!$F$2:$F$102,Rezervimet!$G$2:$G$102,"<="&A13+1,Rezervimet!$H$2:$H$102,">="&A13) -> 0 | H13: =$B$5-G13 -> 32 | I13: =IF(OR(D13<0,F13<0,H13<0),"Mungesë inventari",IF(AND(C13=0,E13=0,G13=0),"I lirë","Ka rezervime")) -> Ka rezervime
A14: 46231 | B14: E martë | C14: =SUMIFS(Rezervimet!$D$2:$D$102,Rezervimet!$G$2:$G$102,"<="&A14+1,Rezervimet!$H$2:$H$102,">="&A14) -> 0 | D14: =$B$3-C14 -> 2 | E14: =SUMIFS(Rezervimet!$E$2:$E$102,Rezervimet!$G$2:$G$102,"<="&A14+1,Rezervimet!$H$2:$H$102,">="&A14) -> 0 | F14: =$B$4-E14 -> 200 | G14: =SUMIFS(Rezervimet!$F$2:$F$102,Rezervimet!$G$2:$G$102,"<="&A14+1,Rezervimet!$H$2:$H$102,">="&A14) -> 0 | H14: =$B$5-G14 -> 32 | I14: =IF(OR(D14<0,F14<0,H14<0),"Mungesë inventari",IF(AND(C14=0,E14=0,G14=0),"I lirë","Ka rezervime")) -> I lirë
A15: 46232 | B15: E mërkurë | C15: =SUMIFS(Rezervimet!$D$2:$D$102,Rezervimet!$G$2:$G$102,"<="&A15+1,Rezervimet!$H$2:$H$102,">="&A15) -> 0 | D15: =$B$3-C15 -> 2 | E15: =SUMIFS(Rezervimet!$E$2:$E$102,Rezervimet!$G$2:$G$102,"<="&A15+1,Rezervimet!$H$2:$H$102,">="&A15) -> 0 | F15: =$B$4-E15 -> 200 | G15: =SUMIFS(Rezervimet!$F$2:$F$102,Rezervimet!$G$2:$G$102,"<="&A15+1,Rezervimet!$H$2:$H$102,">="&A15) -> 0 | H15: =$B$5-G15 -> 32 | I15: =IF(OR(D15<0,F15<0,H15<0),"Mungesë inventari",IF(AND(C15=0,E15=0,G15=0),"I lirë","Ka rezervime")) -> I lirë
A16: 46233 | B16: E enjte | C16: =SUMIFS(Rezervimet!$D$2:$D$102,Rezervimet!$G$2:$G$102,"<="&A16+1,Rezervimet!$H$2:$H$102,">="&A16) -> 0 | D16: =$B$3-C16 -> 2 | E16: =SUMIFS(Rezervimet!$E$2:$E$102,Rezervimet!$G$2:$G$102,"<="&A16+1,Rezervimet!$H$2:$H$102,">="&A16) -> 0 | F16: =$B$4-E16 -> 200 | G16: =SUMIFS(Rezervimet!$F$2:$F$102,Rezervimet!$G$2:$G$102,"<="&A16+1,Rezervimet!$H$2:$H$102,">="&A16) -> 0 | H16: =$B$5-G16 -> 32 | I16: =IF(OR(D16<0,F16<0,H16<0),"Mungesë inventari",IF(AND(C16=0,E16=0,G16=0),"I lirë","Ka rezervime")) -> I lirë
A17: 46234 | B17: E premte | D17: =$B$3-C17 -> 2 | E17: 100 | F17: =$B$4-E17 -> 100 | G17: 6 | H17: =$B$5-G17 -> 26 | I17: =IF(OR(D17<0,F17<0,H17<0),"Mungesë inventari",IF(AND(C17=0,E17=0,G17=0),"I lirë","Ka rezervime")) -> Ka rezervime

Sheet Gusht 2026
A1: KONTROLLI I INVENTARIT - GUSHT 2026
A3: Tenda total | B3: =Inventari!B4 -> 2
A4: Karrika total | B4: =Inventari!B5 -> 200
A5: Tavolina total | B5: 32
A7: Data | B7: Dita | C7: Tenda zënë | D7: Tenda lirë | E7: Karrika zënë | F7: Karrika lirë | G7: Tavolina zënë | H7: Tavolina lirë | I7: Gjendja | J7: Shënime
A8: 46235 | B8: E shtunë | C8: =SUMIFS(Rezervimet!$D$2:$D$102,Rezervimet!$G$2:$G$102,"<="&A8+1,Rezervimet!$H$2:$H$102,">="&A8) -> 0 | D8: =$B$3-C8 -> 2 | E8: 60 | F8: =$B$4-E8 -> 140 | G8: =SUMIFS(Rezervimet!$F$2:$F$102,Rezervimet!$G$2:$G$102,"<="&A8+1,Rezervimet!$H$2:$H$102,">="&A8) -> 0 | H8: =$B$5-G8 -> 32 | I8: =IF(OR(D8<0,F8<0,H8<0),"Mungesë inventari",IF(AND(C8=0,E8=0,G8=0),"I lirë","Ka rezervime")) -> Ka rezervime | J8: Ibrahim Pajaziti
A9: 46236 | B9: E diel | C9: =SUMIFS(Rezervimet!$D$2:$D$102,Rezervimet!$G$2:$G$102,"<="&A9+1,Rezervimet!$H$2:$H$102,">="&A9) -> 0 | D9: =$B$3-C9 -> 2 | E9: =SUMIFS(Rezervimet!$E$2:$E$102,Rezervimet!$G$2:$G$102,"<="&A9+1,Rezervimet!$H$2:$H$102,">="&A9) -> 0 | F9: =$B$4-E9 -> 200 | G9: =SUMIFS(Rezervimet!$F$2:$F$102,Rezervimet!$G$2:$G$102,"<="&A9+1,Rezervimet!$H$2:$H$102,">="&A9) -> 0 | H9: =$B$5-G9 -> 32 | I9: =IF(OR(D9<0,F9<0,H9<0),"Mungesë inventari",IF(AND(C9=0,E9=0,G9=0),"I lirë","Ka rezervime")) -> I lirë
A10: 46237 | B10: E hënë | C10: =SUMIFS(Rezervimet!$D$2:$D$102,Rezervimet!$G$2:$G$102,"<="&A10+1,Rezervimet!$H$2:$H$102,">="&A10) -> 0 | D10: =$B$3-C10 -> 2 | E10: =SUMIFS(Rezervimet!$E$2:$E$102,Rezervimet!$G$2:$G$102,"<="&A10+1,Rezervimet!$H$2:$H$102,">="&A10) -> 0 | F10: =$B$4-E10 -> 200 | G10: =SUMIFS(Rezervimet!$F$2:$F$102,Rezervimet!$G$2:$G$102,"<="&A10+1,Rezervimet!$H$2:$H$102,">="&A10) -> 0 | H10: =$B$5-G10 -> 32 | I10: =IF(OR(D10<0,F10<0,H10<0),"Mungesë inventari",IF(AND(C10=0,E10=0,G10=0),"I lirë","Ka rezervime")) -> I lirë
A11: 46238 | B11: E martë | C11: =SUMIFS(Rezervimet!$D$2:$D$102,Rezervimet!$G$2:$G$102,"<="&A11+1,Rezervimet!$H$2:$H$102,">="&A11) -> 0 | D11: =$B$3-C11 -> 2 | E11: 70 | F11: =$B$4-E11 -> 130 | G11: =SUMIFS(Rezervimet!$F$2:$F$102,Rezervimet!$G$2:$G$102,"<="&A11+1,Rezervimet!$H$2:$H$102,">="&A11) -> 0 | H11: =$B$5-G11 -> 32 | I11: =IF(OR(D11<0,F11<0,H11<0),"Mungesë inventari",IF(AND(C11=0,E11=0,G11=0),"I lirë","Ka rezervime")) -> Ka rezervime | J11: kadri salihu / remnik
A12: 46239 | B12: E mërkurë | C12: =SUMIFS(Rezervimet!$D$2:$D$102,Rezervimet!$G$2:$G$102,"<="&A12+1,Rezervimet!$H$2:$H$102,">="&A12) -> 0 | D12: =$B$3-C12 -> 2 | E12: 55 | F12: =$B$4-E12 -> 145 | G12: 9 | H12: =$B$5-G12 -> 23 | I12: =IF(OR(D12<0,F12<0,H12<0),"Mungesë inventari",IF(AND(C12=0,E12=0,G12=0),"I lirë","Ka rezervime")) -> Ka rezervime | J12: Melihati
A13: 46240 | B13: E enjte | C13: =SUMIFS(Rezervimet!$D$2:$D$102,Rezervimet!$G$2:$G$102,"<="&A13+1,Rezervimet!$H$2:$H$102,">="&A13) -> 0 | D13: =$B$3-C13 -> 2 | E13: 0 | F13: =$B$4-E13 -> 200 | H13: =$B$5-G13 -> 32 | I13: =IF(OR(D13<0,F13<0,H13<0),"Mungesë inventari",IF(AND(C13=0,E13=0,G13=0),"I lirë","Ka rezervime")) -> I lirë
A14: 46241 | B14: E premte | C14: =SUMIFS(Rezervimet!$D$2:$D$102,Rezervimet!$G$2:$G$102,"<="&A14+1,Rezervimet!$H$2:$H$102,">="&A14) -> 0 | D14: =$B$3-C14 -> 2 | E14: 150 | F14: =$B$4-E14 -> 50 | G14: 25 | H14: =$B$5-G14 -> 7 | I14: =IF(OR(D14<0,F14<0,H14<0),"Mungesë inventari",IF(AND(C14=0,E14=0,G14=0),"I lirë","Ka rezervime")) -> Ka rezervime | J14: Arsim Avdiu/ gjylekar
A15: 46242 | B15: E shtunë | C15: =SUMIFS(Rezervimet!$D$2:$D$102,Rezervimet!$G$2:$G$102,"<="&A15+1,Rezervimet!$H$2:$H$102,">="&A15) -> 0 | D15: =$B$3-C15 -> 2 | E15: =SUMIFS(Rezervimet!$E$2:$E$102,Rezervimet!$G$2:$G$102,"<="&A15+1,Rezervimet!$H$2:$H$102,">="&A15) -> 0 | F15: =$B$4-E15 -> 200 | G15: =SUMIFS(Rezervimet!$F$2:$F$102,Rezervimet!$G$2:$G$102,"<="&A15+1,Rezervimet!$H$2:$H$102,">="&A15) -> 0 | H15: =$B$5-G15 -> 32 | I15: =IF(OR(D15<0,F15<0,H15<0),"Mungesë inventari",IF(AND(C15=0,E15=0,G15=0),"I lirë","Ka rezervime")) -> I lirë
A16: 46243 | B16: E diel | C16: =SUMIFS(Rezervimet!$D$2:$D$102,Rezervimet!$G$2:$G$102,"<="&A16+1,Rezervimet!$H$2:$H$102,">="&A16) -> 0 | D16: =$B$3-C16 -> 2 | E16: =SUMIFS(Rezervimet!$E$2:$E$102,Rezervimet!$G$2:$G$102,"<="&A16+1,Rezervimet!$H$2:$H$102,">="&A16) -> 0 | F16: =$B$4-E16 -> 200 | G16: =SUMIFS(Rezervimet!$F$2:$F$102,Rezervimet!$G$2:$G$102,"<="&A16+1,Rezervimet!$H$2:$H$102,">="&A16) -> 0 | H16: =$B$5-G16 -> 32 | I16: =IF(OR(D16<0,F16<0,H16<0),"Mungesë inventari",IF(AND(C16=0,E16=0,G16=0),"I lirë","Ka rezervime")) -> I lirë
A17: 46244 | B17: E hënë | C17: =SUMIFS(Rezervimet!$D$2:$D$102,Rezervimet!$G$2:$G$102,"<="&A17+1,Rezervimet!$H$2:$H$102,">="&A17) -> 0 | D17: =$B$3-C17 -> 2 | E17: =SUMIFS(Rezervimet!$E$2:$E$102,Rezervimet!$G$2:$G$102,"<="&A17+1,Rezervimet!$H$2:$H$102,">="&A17) -> 0 | F17: =$B$4-E17 -> 200 | G17: =SUMIFS(Rezervimet!$F$2:$F$102,Rezervimet!$G$2:$G$102,"<="&A17+1,Rezervimet!$H$2:$H$102,">="&A17) -> 0 | H17: =$B$5-G17 -> 32 | I17: =IF(OR(D17<0,F17<0,H17<0),"Mungesë inventari",IF(AND(C17=0,E17=0,G17=0),"I lirë","Ka rezervime")) -> I lirë
A18: 46245 | B18: E martë | C18: =SUMIFS(Rezervimet!$D$2:$D$102,Rezervimet!$G$2:$G$102,"<="&A18+1,Rezervimet!$H$2:$H$102,">="&A18) -> 0 | D18: =$B$3-C18 -> 2 | E18: =SUMIFS(Rezervimet!$E$2:$E$102,Rezervimet!$G$2:$G$102,"<="&A18+1,Rezervimet!$H$2:$H$102,">="&A18) -> 0 | F18: =$B$4-E18 -> 200 | G18: =SUMIFS(Rezervimet!$F$2:$F$102,Rezervimet!$G$2:$G$102,"<="&A18+1,Rezervimet!$H$2:$H$102,">="&A18) -> 0 | H18: =$B$5-G18 -> 32 | I18: =IF(OR(D18<0,F18<0,H18<0),"Mungesë inventari",IF(AND(C18=0,E18=0,G18=0),"I lirë","Ka rezervime")) -> I lirë
A19: 46246 | B19: E mërkurë | C19: =SUMIFS(Rezervimet!$D$2:$D$102,Rezervimet!$G$2:$G$102,"<="&A19+1,Rezervimet!$H$2:$H$102,">="&A19) -> 0 | D19: =$B$3-C19 -> 2 | E19: =SUMIFS(Rezervimet!$E$2:$E$102,Rezervimet!$G$2:$G$102,"<="&A19+1,Rezervimet!$H$2:$H$102,">="&A19) -> 0 | F19: =$B$4-E19 -> 200 | G19: =SUMIFS(Rezervimet!$F$2:$F$102,Rezervimet!$G$2:$G$102,"<="&A19+1,Rezervimet!$H$2:$H$102,">="&A19) -> 0 | H19: =$B$5-G19 -> 32 | I19: =IF(OR(D19<0,F19<0,H19<0),"Mungesë inventari",IF(AND(C19=0,E19=0,G19=0),"I lirë","Ka rezervime")) -> I lirë
A20: 46247 | B20: E enjte | C20: =SUMIFS(Rezervimet!$D$2:$D$102,Rezervimet!$G$2:$G$102,"<="&A20+1,Rezervimet!$H$2:$H$102,">="&A20) -> 0 | D20: =$B$3-C20 -> 2 | E20: =SUMIFS(Rezervimet!$E$2:$E$102,Rezervimet!$G$2:$G$102,"<="&A20+1,Rezervimet!$H$2:$H$102,">="&A20) -> 0 | F20: =$B$4-E20 -> 200 | G20: =SUMIFS(Rezervimet!$F$2:$F$102,Rezervimet!$G$2:$G$102,"<="&A20+1,Rezervimet!$H$2:$H$102,">="&A20) -> 0 | H20: =$B$5-G20 -> 32 | I20: =IF(OR(D20<0,F20<0,H20<0),"Mungesë inventari",IF(AND(C20=0,E20=0,G20=0),"I lirë","Ka rezervime")) -> I lirë
A21: 46248 | B21: E premte | C21: =SUMIFS(Rezervimet!$D$2:$D$102,Rezervimet!$G$2:$G$102,"<="&A21+1,Rezervimet!$H$2:$H$102,">="&A21) -> 0 | D21: =$B$3-C21 -> 2 | E21: =SUMIFS(Rezervimet!$E$2:$E$102,Rezervimet!$G$2:$G$102,"<="&A21+1,Rezervimet!$H$2:$H$102,">="&A21) -> 0 | F21: =$B$4-E21 -> 200 | G21: =SUMIFS(Rezervimet!$F$2:$F$102,Rezervimet!$G$2:$G$102,"<="&A21+1,Rezervimet!$H$2:$H$102,">="&A21) -> 0 | H21: =$B$5-G21 -> 32 | I21: =IF(OR(D21<0,F21<0,H21<0),"Mungesë inventari",IF(AND(C21=0,E21=0,G21=0),"I lirë","Ka rezervime")) -> I lirë
A22: 46249 | B22: E shtunë | C22: =SUMIFS(Rezervimet!$D$2:$D$102,Rezervimet!$G$2:$G$102,"<="&A22+1,Rezervimet!$H$2:$H$102,">="&A22) -> 0 | D22: =$B$3-C22 -> 2 | E22: =SUMIFS(Rezervimet!$E$2:$E$102,Rezervimet!$G$2:$G$102,"<="&A22+1,Rezervimet!$H$2:$H$102,">="&A22) -> 0 | F22: =$B$4-E22 -> 200 | G22: =SUMIFS(Rezervimet!$F$2:$F$102,Rezervimet!$G$2:$G$102,"<="&A22+1,Rezervimet!$H$2:$H$102,">="&A22) -> 0 | H22: =$B$5-G22 -> 32 | I22: =IF(OR(D22<0,F22<0,H22<0),"Mungesë inventari",IF(AND(C22=0,E22=0,G22=0),"I lirë","Ka rezervime")) -> I lirë
A23: 46250 | B23: E diel | C23: =SUMIFS(Rezervimet!$D$2:$D$102,Rezervimet!$G$2:$G$102,"<="&A23+1,Rezervimet!$H$2:$H$102,">="&A23) -> 0 | D23: =$B$3-C23 -> 2 | E23: =SUMIFS(Rezervimet!$E$2:$E$102,Rezervimet!$G$2:$G$102,"<="&A23+1,Rezervimet!$H$2:$H$102,">="&A23) -> 0 | F23: =$B$4-E23 -> 200 | G23: =SUMIFS(Rezervimet!$F$2:$F$102,Rezervimet!$G$2:$G$102,"<="&A23+1,Rezervimet!$H$2:$H$102,">="&A23) -> 0 | H23: =$B$5-G23 -> 32 | I23: =IF(OR(D23<0,F23<0,H23<0),"Mungesë inventari",IF(AND(C23=0,E23=0,G23=0),"I lirë","Ka rezervime")) -> I lirë
A24: 46251 | B24: E hënë | C24: =SUMIFS(Rezervimet!$D$2:$D$102,Rezervimet!$G$2:$G$102,"<="&A24+1,Rezervimet!$H$2:$H$102,">="&A24) -> 0 | D24: =$B$3-C24 -> 2 | E24: =SUMIFS(Rezervimet!$E$2:$E$102,Rezervimet!$G$2:$G$102,"<="&A24+1,Rezervimet!$H$2:$H$102,">="&A24) -> 0 | F24: =$B$4-E24 -> 200 | G24: =SUMIFS(Rezervimet!$F$2:$F$102,Rezervimet!$G$2:$G$102,"<="&A24+1,Rezervimet!$H$2:$H$102,">="&A24) -> 0 | H24: =$B$5-G24 -> 32 | I24: =IF(OR(D24<0,F24<0,H24<0),"Mungesë inventari",IF(AND(C24=0,E24=0,G24=0),"I lirë","Ka rezervime")) -> I lirë
A25: 46252 | B25: E martë | C25: =SUMIFS(Rezervimet!$D$2:$D$102,Rezervimet!$G$2:$G$102,"<="&A25+1,Rezervimet!$H$2:$H$102,">="&A25) -> 0 | D25: =$B$3-C25 -> 2 | E25: =SUMIFS(Rezervimet!$E$2:$E$102,Rezervimet!$G$2:$G$102,"<="&A25+1,Rezervimet!$H$2:$H$102,">="&A25) -> 0 | F25: =$B$4-E25 -> 200 | G25: =SUMIFS(Rezervimet!$F$2:$F$102,Rezervimet!$G$2:$G$102,"<="&A25+1,Rezervimet!$H$2:$H$102,">="&A25) -> 0 | H25: =$B$5-G25 -> 32 | I25: =IF(OR(D25<0,F25<0,H25<0),"Mungesë inventari",IF(AND(C25=0,E25=0,G25=0),"I lirë","Ka rezervime")) -> I lirë
A26: 46253 | B26: E mërkurë | C26: =SUMIFS(Rezervimet!$D$2:$D$102,Rezervimet!$G$2:$G$102,"<="&A26+1,Rezervimet!$H$2:$H$102,">="&A26) -> 0 | D26: =$B$3-C26 -> 2 | E26: =SUMIFS(Rezervimet!$E$2:$E$102,Rezervimet!$G$2:$G$102,"<="&A26+1,Rezervimet!$H$2:$H$102,">="&A26) -> 0 | F26: =$B$4-E26 -> 200 | G26: =SUMIFS(Rezervimet!$F$2:$F$102,Rezervimet!$G$2:$G$102,"<="&A26+1,Rezervimet!$H$2:$H$102,">="&A26) -> 0 | H26: =$B$5-G26 -> 32 | I26: =IF(OR(D26<0,F26<0,H26<0),"Mungesë inventari",IF(AND(C26=0,E26=0,G26=0),"I lirë","Ka rezervime")) -> I lirë
... A38: 46265 | B38: E hënë | C38: =SUMIFS(Rezervimet!$D$2:$D$102,Rezervimet!$G$2:$G$102,"<="&A38+1,Rezervimet!$H$2:$H$102,">="&A38) -> 0 | D38: =$B$3-C38 -> 2 | E38: =SUMIFS(Rezervimet!$E$2:$E$102,Rezervimet!$G$2:$G$102,"<="&A38+1,Rezervimet!$H$2:$H$102,">="&A38) -> 0 | F38: =$B$4-E38 -> 200 | G38: =SUMIFS(Rezervimet!$F$2:$F$102,Rezervimet!$G$2:$G$102,"<="&A38+1,Rezervimet!$H$2:$H$102,">="&A38) -> 0 | H38: =$B$5-G38 -> 32 | I38: =IF(OR(D38<0,F38<0,H38<0),"Mungesë inventari",IF(AND(C38=0,E38=0,G38=0),"I lirë","Ka rezervime")) -> I lirë
